nik,nome,,url,
_.gayby._,★Gaby★,undefined,https://www.instagram.com/_.gayby._/,undefined
_garotastore,Garota Store - Skincare e Acessórios ✨️,undefined,https://www.instagram.com/_garotastore/,undefined
_girassol.presentes,Girassol Presentes 💝,undefined,https://www.instagram.com/_girassol.presentes/,undefined
_heltonoliveira,Helton Oliveira,undefined,https://www.instagram.com/_heltonoliveira/,undefined
_lohayneteles,Lohaine Teles,undefined,https://www.instagram.com/_lohayneteles/,undefined
_lucasdevito,Lucas De Vito,undefined,https://www.instagram.com/_lucasdevito/,undefined
_solduarte_,𝑺𝒐𝒍 𝑫𝒖𝒂𝒓𝒕𝒆,undefined,https://www.instagram.com/_solduarte_/,undefined
_thiago.luan,Thiago Luan,undefined,https://www.instagram.com/_thiago.luan/,undefined
_todasasminhascoisas,"minhas coisas, meu tudo",undefined,https://www.instagram.com/_todasasminhascoisas/,undefined
_wevertonbarreto,Weverton Barreto,undefined,https://www.instagram.com/_wevertonbarreto/,undefined
1docinhoo,Alê Fenty,undefined,https://www.instagram.com/1docinhoo/,undefined
3coracoes,Café 3 Corações,undefined,https://www.instagram.com/3coracoes/,undefined
4mandy_sous4,Amanda Souza,undefined,https://www.instagram.com/4mandy_sous4/,undefined
6927.kelvin,Kelvin Rafael,undefined,https://www.instagram.com/6927.kelvin/,undefined
abglt.oficial,ABGLT,undefined,https://www.instagram.com/abglt.oficial/,undefined
abpass_org,ABPASS,undefined,https://www.instagram.com/abpass_org/,undefined
acreditoce,Movimento Acredito | Ceará,undefined,https://www.instagram.com/acreditoce/,undefined
adrianapires2456,adriana pires,undefined,https://www.instagram.com/adrianapires2456/,undefined
adrianbrasil,Adrian Brasil,undefined,https://www.instagram.com/adrianbrasil/,undefined
adventureplanalto,ADVENTURE®️,undefined,https://www.instagram.com/adventureplanalto/,undefined
aevelyndantas,Evelyn Dantas,undefined,https://www.instagram.com/aevelyndantas/,undefined
agin.uece,AGIN UECE,undefined,https://www.instagram.com/agin.uece/,undefined
aguia_fabricante,Fabricante de Cueca Box | Vista e Revenda,undefined,https://www.instagram.com/aguia_fabricante/,undefined
aladaproducoes,ALADA PRODUÇÕES,undefined,https://www.instagram.com/aladaproducoes/,undefined
albertina9914ribeiro,Albertina Ribeiro Félix,undefined,https://www.instagram.com/albertina9914ribeiro/,undefined
alessandrobinow,Alessandro Binow,undefined,https://www.instagram.com/alessandrobinow/,undefined
alfazemasoficial,Alfazemas 🌿,undefined,https://www.instagram.com/alfazemasoficial/,undefined
amandinhaffreitas1,Amanda Freitas,undefined,https://www.instagram.com/amandinhaffreitas1/,undefined
amosaobraz,São Braz,undefined,https://www.instagram.com/amosaobraz/,undefined
amulherdofuturo,Edgel Joseph,undefined,https://www.instagram.com/amulherdofuturo/,undefined
ana.gsoares,ANA G SOARES,undefined,https://www.instagram.com/ana.gsoares/,undefined
anbimaoficial,ANBIMA,undefined,https://www.instagram.com/anbimaoficial/,undefined
andersonc_s,Anderson Souza,undefined,https://www.instagram.com/andersonc_s/,undefined
andersonsz2,Anderson Souza,undefined,https://www.instagram.com/andersonsz2/,undefined
andifesoficial,Andifes,undefined,https://www.instagram.com/andifesoficial/,undefined
andreamcufc,Andréa Camurça,undefined,https://www.instagram.com/andreamcufc/,undefined
aninhaahsagaz,Aninha Sagas Aah Unikaa😉,undefined,https://www.instagram.com/aninhaahsagaz/,undefined
anitta,Anitta 🎤,undefined,https://www.instagram.com/anitta/,undefined
anos_luz7,ANOS LUZ,undefined,https://www.instagram.com/anos_luz7/,undefined
anpocs,ANPOCS,undefined,https://www.instagram.com/anpocs/,undefined
antigopt,antigoPT,undefined,https://www.instagram.com/antigopt/,undefined
antoniogomessouzafilho,Antonio Gomes Souza Filho,undefined,https://www.instagram.com/antoniogomessouzafilho/,undefined
aoc,Alexandria Ocasio-Cortez,undefined,https://www.instagram.com/aoc/,undefined
aosfatos,Aos Fatos,undefined,https://www.instagram.com/aosfatos/,undefined
aprender_python,Aprender Python aqui é fácil,undefined,https://www.instagram.com/aprender_python/,undefined
araujo.doug_,Douglas De Araújo Costa,undefined,https://www.instagram.com/araujo.doug_/,undefined
arceus_gomes_19,Arceus Gomes Cavaliere,undefined,https://www.instagram.com/arceus_gomes_19/,undefined
arteeculturaceara,ARTE E CULTURA CEARÁ,undefined,https://www.instagram.com/arteeculturaceara/,undefined
arthu_rsoares23,arthur sousa,undefined,https://www.instagram.com/arthu_rsoares23/,undefined
aryansilveira,aryan silveira 🦋,undefined,https://www.instagram.com/aryansilveira/,undefined
ascunhaspodcast,As Cunhãs Podcast,undefined,https://www.instagram.com/ascunhaspodcast/,undefined
asimov.academy,Asimov Academy,undefined,https://www.instagram.com/asimov.academy/,undefined
asn.rocks,Profa. Adriana Silva | Ciência de Dados,undefined,https://www.instagram.com/asn.rocks/,undefined
assembleiace,ALECE,undefined,https://www.instagram.com/assembleiace/,undefined
astro.fortaleza,ASTRO PUB,undefined,https://www.instagram.com/astro.fortaleza/,undefined
astronomiainterestelar,Alessandro Binow - Astronomia✨,undefined,https://www.instagram.com/astronomiainterestelar/,undefined
auteminvestimentos,AUTEM Investimentos,undefined,https://www.instagram.com/auteminvestimentos/,undefined
axel_ezequias,Axel,undefined,https://www.instagram.com/axel_ezequias/,undefined
ayeskahaisa,Ayêska Haisa,undefined,https://www.instagram.com/ayeskahaisa/,undefined
baby.investidor,Baby Investidor | Investimentos e Milhas,undefined,https://www.instagram.com/baby.investidor/,undefined
badgalriri,badgalriri,undefined,https://www.instagram.com/badgalriri/,undefined
ballroomceara,Ballroom Ceará,undefined,https://www.instagram.com/ballroomceara/,undefined
barculturallions,Bar Lions,undefined,https://www.instagram.com/barculturallions/,undefined
barviolibar,Barvioli,undefined,https://www.instagram.com/barviolibar/,undefined
basuranyc,,undefined,https://www.instagram.com/basuranyc/,undefined
bbcbrasil,BBC News | Brasil,undefined,https://www.instagram.com/bbcbrasil/,undefined
bcadvogadosassociados,Ben-Hur&Costa Advogados,undefined,https://www.instagram.com/bcadvogadosassociados/,undefined
bece_bibliotecaestadualdoceara,Biblioteca Pública Estadual do Ceará,undefined,https://www.instagram.com/bece_bibliotecaestadualdoceara/,undefined
bergdias,bergdias,undefined,https://www.instagram.com/bergdias/,undefined
binancebrasil,Binance Brasil,undefined,https://www.instagram.com/binancebrasil/,undefined
botecobravo,Boteco Bravo🍺,undefined,https://www.instagram.com/botecobravo/,undefined
brazilianversion,Brazilian Version,undefined,https://www.instagram.com/brazilianversion/,undefined
brenno.varos,Brenno Sullivan | VAROS,undefined,https://www.instagram.com/brenno.varos/,undefined
brenoperrucho,Breno Perrucho,undefined,https://www.instagram.com/brenoperrucho/,undefined
brilhocosplay,A.S.S 🇧🇷,undefined,https://www.instagram.com/brilhocosplay/,undefined
brocadopizza,Brocado Pizza ®️ORIGINAL,undefined,https://www.instagram.com/brocadopizza/,undefined
brugrinald,𝗕𝗥𝗨𝗡𝗢 𝗗𝗜𝗔𝗦,undefined,https://www.instagram.com/brugrinald/,undefined
brunatay.ss,Bruna,undefined,https://www.instagram.com/brunatay.ss/,undefined
bruno_perini,Bruno Perini,undefined,https://www.instagram.com/bruno_perini/,undefined
brunoluzofc,Bruno Luz,undefined,https://www.instagram.com/brunoluzofc/,undefined
bryann.wmp,Bryan,undefined,https://www.instagram.com/bryann.wmp/,undefined
bylorenacoelho,"Lore Coêlho | Beleza, Skincare, Cabelos, Maquiagem",undefined,https://www.instagram.com/bylorenacoelho/,undefined
cafe_santaclara,Café Santa Clara,undefined,https://www.instagram.com/cafe_santaclara/,undefined
cafegeracoes,Alberto Martins,undefined,https://www.instagram.com/cafegeracoes/,undefined
caiograneiro,Caio Graneiro,undefined,https://www.instagram.com/caiograneiro/,undefined
caiolealdf,Caio Leal,undefined,https://www.instagram.com/caiolealdf/,undefined
camurca.andrea,Andréa Camurça,undefined,https://www.instagram.com/camurca.andrea/,undefined
canaldragbox,📦 Dragbox,undefined,https://www.instagram.com/canaldragbox/,undefined
cancerianagrande,ᴊᴀᴍ,undefined,https://www.instagram.com/cancerianagrande/,undefined
canvabrasil,Canva Brasil,undefined,https://www.instagram.com/canvabrasil/,undefined
caplam_ufc,C.A Prof. Luiz Antônio Maciel,undefined,https://www.instagram.com/caplam_ufc/,undefined
carlooscesar_,Carlos Cesar,undefined,https://www.instagram.com/carlooscesar_/,undefined
carol_days,Caroline,undefined,https://www.instagram.com/carol_days/,undefined
caroleking,Carole King,undefined,https://www.instagram.com/caroleking/,undefined
casadefloroficial,Casa De Flor,undefined,https://www.instagram.com/casadefloroficial/,undefined
casainsana,Casa Insana by Livia Pinna,undefined,https://www.instagram.com/casainsana/,undefined
cavalcantemarcelino937,jose marcelino cavalcante,undefined,https://www.instagram.com/cavalcantemarcelino937/,undefined
caza.17,Marcos Vinícius,undefined,https://www.instagram.com/caza.17/,undefined
ccbnb_fortaleza,CCBNB Fortaleza,undefined,https://www.instagram.com/ccbnb_fortaleza/,undefined
cearaciencia,CearáCiência,undefined,https://www.instagram.com/cearaciencia/,undefined
cedecaceara,Cedeca Ceará,undefined,https://www.instagram.com/cedecaceara/,undefined
celecinaverasl,Celecina Veras Sales,undefined,https://www.instagram.com/celecinaverasl/,undefined
centrofreihumberto,Centro Frei Humberto,undefined,https://www.instagram.com/centrofreihumberto/,undefined
cheirode_mar,Josieldo Santos,undefined,https://www.instagram.com/cheirode_mar/,undefined
cientistachefeagricultura,Cientista-Chefe Agricultura,undefined,https://www.instagram.com/cientistachefeagricultura/,undefined
cientistachefedacultura,Cientista Chefe da Cultura,undefined,https://www.instagram.com/cientistachefedacultura/,undefined
cientistachefemeioambiente,Cientista Chefe Meio Ambiente,undefined,https://www.instagram.com/cientistachefemeioambiente/,undefined
cinemadodragao,Cinema do Dragão,undefined,https://www.instagram.com/cinemadodragao/,undefined
cirogomes,Ciro Gomes,undefined,https://www.instagram.com/cirogomes/,undefined
claw.santos,Claw Santos,undefined,https://www.instagram.com/claw.santos/,undefined
clonerobotics,Clone,undefined,https://www.instagram.com/clonerobotics/,undefined
clubedobarman,Clube do Barman,undefined,https://www.instagram.com/clubedobarman/,undefined
clubefii,Clube FII,undefined,https://www.instagram.com/clubefii/,undefined
cnpq_oficial,CNPq,undefined,https://www.instagram.com/cnpq_oficial/,undefined
coletivaboraderuma,Coletiva Bora de Ruma,undefined,https://www.instagram.com/coletivaboraderuma/,undefined
coletivo.consciencia.positiva,coletivo consciencia positiva,undefined,https://www.instagram.com/coletivo.consciencia.positiva/,undefined
coletivodivasdoceara,ColetivoArtísticoDivasdoCeará,undefined,https://www.instagram.com/coletivodivasdoceara/,undefined
coletivothecrazy,Coletivo The Crazy,undefined,https://www.instagram.com/coletivothecrazy/,undefined
cookingwithcocktailrings,Kylie Mazon-Chambers,undefined,https://www.instagram.com/cookingwithcocktailrings/,undefined
cortella,Mario Sergio Cortella,undefined,https://www.instagram.com/cortella/,undefined
cortescamaradas,Cortes Camaradas,undefined,https://www.instagram.com/cortescamaradas/,undefined
cortesereflexoes,cortesereflexões,undefined,https://www.instagram.com/cortesereflexoes/,undefined
craceara,CRA-CE,undefined,https://www.instagram.com/craceara/,undefined
culturaportodoceara,Cultura  1️⃣3️⃣,undefined,https://www.instagram.com/culturaportodoceara/,undefined
d3contadora,Jéssica Garcia | Especialista em Imposto de Renda,undefined,https://www.instagram.com/d3contadora/,undefined
dancnpi,Danilo Barbosa | Investimentos Alternativos,undefined,https://www.instagram.com/dancnpi/,undefined
danequalize,Daniel Ferreira,undefined,https://www.instagram.com/danequalize/,undefined
daniel_blog_de_cafe,Daniel Anspach,undefined,https://www.instagram.com/daniel_blog_de_cafe/,undefined
danielbispx,DANIEL 🐈‍⬛,undefined,https://www.instagram.com/danielbispx/,undefined
danilo_lopesoficial,Danilo Lopes,undefined,https://www.instagram.com/danilo_lopesoficial/,undefined
davi_mdal,,undefined,https://www.instagram.com/davi_mdal/,undefined
ddann28,Dan,undefined,https://www.instagram.com/ddann28/,undefined
democraciabeta,Democracia Beta,undefined,https://www.instagram.com/democraciabeta/,undefined
dentista_do_aparelho,Antonio Coimbra,undefined,https://www.instagram.com/dentista_do_aparelho/,undefined
deusmarqueiros,Deusmar Queirós,undefined,https://www.instagram.com/deusmarqueiros/,undefined
devfullcycle,Wesley Willians | Full Cycle,undefined,https://www.instagram.com/devfullcycle/,undefined
devolvepodcast,Devolve na Segunda Podcast,undefined,https://www.instagram.com/devolvepodcast/,undefined
deydiannepiaf,Deydianne Piaf,undefined,https://www.instagram.com/deydiannepiaf/,undefined
dicadehoje_7,Daniel Nigri - Dica de Hoje Research,undefined,https://www.instagram.com/dicadehoje_7/,undefined
dihego.luz,⚜️,undefined,https://www.instagram.com/dihego.luz/,undefined
dineysilva_21,Diney Silva | Profissional da Beleza ✂️,undefined,https://www.instagram.com/dineysilva_21/,undefined
diogoparodias,Diogo Paródias,undefined,https://www.instagram.com/diogoparodias/,undefined
djcleyltonmix,REAL CLEYLTON 085,undefined,https://www.instagram.com/djcleyltonmix/,undefined
djlobinha,𝐃𝐉 𝐋𝐎𝐁𝐈𝐍𝐇𝐀 🎧,undefined,https://www.instagram.com/djlobinha/,undefined
dogsdomangue,Cachorros do Mangue,undefined,https://www.instagram.com/dogsdomangue/,undefined
donizetearruda7,Donizete Arruda,undefined,https://www.instagram.com/donizetearruda7/,undefined
donnasantafortaleza,BOATE DONNA SANTA - OFICIAL,undefined,https://www.instagram.com/donnasantafortaleza/,undefined
douglasilvaphotos,Douglas Silva,undefined,https://www.instagram.com/douglasilvaphotos/,undefined
doutoralexsakata,Dr Alex Sakata - Medicina Funcional Integrativa,undefined,https://www.instagram.com/doutoralexsakata/,undefined
dr.ricardokores,Dr. Ricardo Kores | Médico Infectologista,undefined,https://www.instagram.com/dr.ricardokores/,undefined
dr.techbr,Vinícius Jardim | Dr.Tech,undefined,https://www.instagram.com/dr.techbr/,undefined
drbernardoprocto,Dr Bernardo Altoé Proctologista,undefined,https://www.instagram.com/drbernardoprocto/,undefined
dstv033333,dstv,undefined,https://www.instagram.com/dstv033333/,undefined
edsonfariaslima,Francisco,undefined,https://www.instagram.com/edsonfariaslima/,undefined
edu_soficial,Carlos Eduardo,undefined,https://www.instagram.com/edu_soficial/,undefined
edudeveloper,Eduardo Nascimento | Web Designer,undefined,https://www.instagram.com/edudeveloper/,undefined
edunascimento_,Eduardo Nascimento,undefined,https://www.instagram.com/edunascimento_/,undefined
electronicsworld2020,Electronics | Engineering | Robotics,undefined,https://www.instagram.com/electronicsworld2020/,undefined
elisangelabarbosa_fisio,Dra .Elisangela Barbosa,undefined,https://www.instagram.com/elisangelabarbosa_fisio/,undefined
ellapif,Ellapif,undefined,https://www.instagram.com/ellapif/,undefined
elmanofreitas,Elmano de Freitas,undefined,https://www.instagram.com/elmanofreitas/,undefined
elpatroneburguer,El Patrone Burguer,undefined,https://www.instagram.com/elpatroneburguer/,undefined
ely.vida,Ely Andrade,undefined,https://www.instagram.com/ely.vida/,undefined
empowerpython,Vinícius | 20+ anos de Python & Data Science,undefined,https://www.instagram.com/empowerpython/,undefined
enapgovbr,Enap,undefined,https://www.instagram.com/enapgovbr/,undefined
eng4tech,eng4tech,undefined,https://www.instagram.com/eng4tech/,undefined
engenhariaentendida,Engenharia entendida | Eng. DhanuzioAA,undefined,https://www.instagram.com/engenhariaentendida/,undefined
engenheir0s,Elétrica - Automação,undefined,https://www.instagram.com/engenheir0s/,undefined
enygmanerd,Enygma Nerd,undefined,https://www.instagram.com/enygmanerd/,undefined
equilibriumtattoo,Charles Alves,undefined,https://www.instagram.com/equilibriumtattoo/,undefined
erasmocoelhopaisolo,Erasmo Coelho | Pai por Adoção,undefined,https://www.instagram.com/erasmocoelhopaisolo/,undefined
erecapfortaleza,V ERECAP NORDESTE,undefined,https://www.instagram.com/erecapfortaleza/,undefined
escoladeativismo,Escola de Ativismo,undefined,https://www.instagram.com/escoladeativismo/,undefined
espaco_serragem,Espaço Serragem - Ateliê de Marcenaria 🌲,undefined,https://www.instagram.com/espaco_serragem/,undefined
espceara,Escola de Saúde Pública do Ceará,undefined,https://www.instagram.com/espceara/,undefined
espetariadobem,Espetaria do Bem,undefined,https://www.instagram.com/espetariadobem/,undefined
esquerdopatasspfc,Esquerdopatas Tricolores,undefined,https://www.instagram.com/esquerdopatasspfc/,undefined
estacaodasartes.ce,Estação das Artes,undefined,https://www.instagram.com/estacaodasartes.ce/,undefined
estiloflexivel,Metodo de Emagrecimento GDF,undefined,https://www.instagram.com/estiloflexivel/,undefined
estudantescomciro,Estudantes com Ciro!,undefined,https://www.instagram.com/estudantescomciro/,undefined
eubrunonas,,undefined,https://www.instagram.com/eubrunonas/,undefined
eugiabreu,Giovana Abreu,undefined,https://www.instagram.com/eugiabreu/,undefined
euulucas.l,Lucas Lopez Silva,undefined,https://www.instagram.com/euulucas.l/,undefined
evandroleitao,Evandro Leitão,undefined,https://www.instagram.com/evandroleitao/,undefined
evanice.duarte,ᴇᴠᴀɴɪᴄᴇ ᴅᴜᴀʀᴛᴇ,undefined,https://www.instagram.com/evanice.duarte/,undefined
ezatamentchy,Ezatamentchy,undefined,https://www.instagram.com/ezatamentchy/,undefined
ezaudiniz,Ezaú Diniz,undefined,https://www.instagram.com/ezaudiniz/,undefined
f_francysco_clleyitto_rocha_10,FRANCYSCO CLLEYITTO ROCHA,undefined,https://www.instagram.com/f_francysco_clleyitto_rocha_10/,undefined
fabriciomottaprof,Fabrício Motta,undefined,https://www.instagram.com/fabriciomottaprof/,undefined
felps,Felipe Martins,undefined,https://www.instagram.com/felps/,undefined
fenecap,FENECAP,undefined,https://www.instagram.com/fenecap/,undefined
fernanda.melx,fernanda melo,undefined,https://www.instagram.com/fernanda.melx/,undefined
festivaldeteatrofortaleza,Festival de Teatro de Fortaleza,undefined,https://www.instagram.com/festivaldeteatrofortaleza/,undefined
festivalforrainbow,For Rainbow,undefined,https://www.instagram.com/festivalforrainbow/,undefined
festivalgenteeprabrilhar,Festival Gente É Pra Brilhar,undefined,https://www.instagram.com/festivalgenteeprabrilhar/,undefined
ficavaiterpop,"Fica, Vai Ter Pop! 🍭",undefined,https://www.instagram.com/ficavaiterpop/,undefined
finepinova,Finep,undefined,https://www.instagram.com/finepinova/,undefined
fipe_oficial,Fipe,undefined,https://www.instagram.com/fipe_oficial/,undefined
flbapceara,Fundação Leonel Brizola-AP-CE,undefined,https://www.instagram.com/flbapceara/,undefined
flexivelsempre_,Bruno | Metodo de emagrecimento GDF,undefined,https://www.instagram.com/flexivelsempre_/,undefined
flower_bike_oficial,⠀⠀⠀⠀⠀⠀⠀⠀⠀⠀⠀⠀⠀Flower Bike 🚴🌹,undefined,https://www.instagram.com/flower_bike_oficial/,undefined
folhadespaulo,Folha de S.Paulo,undefined,https://www.instagram.com/folhadespaulo/,undefined
foodpradois,E ai? Bora viver?! | Agnes e Roberto,undefined,https://www.instagram.com/foodpradois/,undefined
fortalezaec,Fortaleza Esporte Clube,undefined,https://www.instagram.com/fortalezaec/,undefined
fortalezaesportes,Fortaleza Esportes ⭐️,undefined,https://www.instagram.com/fortalezaesportes/,undefined
forumdcace,Fórum DCA Ceará,undefined,https://www.instagram.com/forumdcace/,undefined
forumdenegres.gpp,Fórum de Negres de Gestão de Políticas Públicas,undefined,https://www.instagram.com/forumdenegres.gpp/,undefined
foryoueventos,FOR YOU EVENTOS,undefined,https://www.instagram.com/foryoueventos/,undefined
fr_deverdade,Fortaleza de verdade,undefined,https://www.instagram.com/fr_deverdade/,undefined
francesmorin,Frances Morin,undefined,https://www.instagram.com/francesmorin/,undefined
franciscoocelioevangelista,Francisco Ocelio Evangelista Ocelio,undefined,https://www.instagram.com/franciscoocelioevangelista/,undefined
frankqueiroz86,F r a n k Q u e i r o z 🌙,undefined,https://www.instagram.com/frankqueiroz86/,undefined
freepik,Freepik,undefined,https://www.instagram.com/freepik/,undefined
freiricardoregis.oficial,Frei Ricardo Regis,undefined,https://www.instagram.com/freiricardoregis.oficial/,undefined
funcapce,Funcap,undefined,https://www.instagram.com/funcapce/,undefined
fungihouse.br,Fungihouse,undefined,https://www.instagram.com/fungihouse.br/,undefined
fungostropicais,Geórgia Figueiredo,undefined,https://www.instagram.com/fungostropicais/,undefined
futurofisioo,Dr. Chrystyan Batista | Dra. Lais Silveira | FISIOTERAPEUTAS,undefined,https://www.instagram.com/futurofisioo/,undefined
gabigsotero,Gabriela Sotero,undefined,https://www.instagram.com/gabigsotero/,undefined
gabriel_llleirbag,Gabriel Leirbag,undefined,https://www.instagram.com/gabriel_llleirbag/,undefined
gabriel.martinelli,Gabriel Martinelli,undefined,https://www.instagram.com/gabriel.martinelli/,undefined
gabrielgomessouza_oficial,Biel Gömes 📷,undefined,https://www.instagram.com/gabrielgomessouza_oficial/,undefined
gabrielopes.m,Gabriel Lopes,undefined,https://www.instagram.com/gabrielopes.m/,undefined
gaga.gr,CHROMATICA ⚔️,undefined,https://www.instagram.com/gaga.gr/,undefined
galileualves25,Galileu Alves,undefined,https://www.instagram.com/galileualves25/,undefined
gandaiaclub,🌈 GANDAIA 𓂀,undefined,https://www.instagram.com/gandaiaclub/,undefined
georgebarbosaj,George Barbosa,undefined,https://www.instagram.com/georgebarbosaj/,undefined
geracaofpa,Geração FP&A,undefined,https://www.instagram.com/geracaofpa/,undefined
giselerbm,Gisele Gomez,943,https://www.instagram.com/giselerbm/,https://bit.ly/NOTAFlorNoAsfalto
glenn.11.greenwald,Glenn Greenwald,undefined,https://www.instagram.com/glenn.11.greenwald/,undefined
goldencloudtech,Golden Cloud Technology,undefined,https://www.instagram.com/goldencloudtech/,undefined
governodoceara,Governo do Ceará,undefined,https://www.instagram.com/governodoceara/,undefined
graaxinha,Graxinha | Larissa Nicola,undefined,https://www.instagram.com/graaxinha/,undefined
grupo_escats,Grupo Teatral ESCATS,undefined,https://www.instagram.com/grupo_escats/,undefined
grupocasamagalhaes,Casa Magalhães,undefined,https://www.instagram.com/grupocasamagalhaes/,undefined
grupogalhofo,Grupo Galhofo,undefined,https://www.instagram.com/grupogalhofo/,undefined
guilhermecortez_,Guilherme Cortez,undefined,https://www.instagram.com/guilhermecortez_/,undefined
halissontv,Halisson Ferreira,undefined,https://www.instagram.com/halissontv/,undefined
hansei_consult,Treinamento | Consultoria,undefined,https://www.instagram.com/hansei_consult/,undefined
hashtagprogramacao,"Hashtag - Python, JavaScript, SQL & Ciência de Dados",undefined,https://www.instagram.com/hashtagprogramacao/,undefined
hellsbar,Hells bar 🏳️‍🌈,undefined,https://www.instagram.com/hellsbar/,undefined
herbya,Herbya Vidal,undefined,https://www.instagram.com/herbya/,undefined
hg.designer_,𝔻𝕖𝕤𝕚𝕘𝕟𝕖𝕣 𝕕𝕖 𝕤𝕠𝕓𝕣𝕒𝕟𝕔𝕖𝕝𝕙𝕒 ✨,undefined,https://www.instagram.com/hg.designer_/,undefined
hilton_erika,Erika Hilton,undefined,https://www.instagram.com/hilton_erika/,undefined
historiapublica_,Ian Neves,undefined,https://www.instagram.com/historiapublica_/,undefined
hollidayviagenseturismo,Holliday Viagens e Turismo,undefined,https://www.instagram.com/hollidayviagenseturismo/,undefined
hootsgastropub,Hoots Gastropub,undefined,https://www.instagram.com/hootsgastropub/,undefined
hot_gayby_,its me gaby,undefined,https://www.instagram.com/hot_gayby_/,undefined
hroriz,Heitor Roriz Filho,undefined,https://www.instagram.com/hroriz/,undefined
huaweiacademyifce,ICT Huawei Academy IFCE,undefined,https://www.instagram.com/huaweiacademyifce/,undefined
hugo.apontes,Hugo Pontes | Advogado Trabalhista,undefined,https://www.instagram.com/hugo.apontes/,undefined
idealecafe,Ideale Café,undefined,https://www.instagram.com/idealecafe/,undefined
igoxrx,Igor Almeida,undefined,https://www.instagram.com/igoxrx/,undefined
igrejadospobres,Igreja dos Pobres,undefined,https://www.instagram.com/igrejadospobres/,undefined
imaginedragons,Imagine Dragons,undefined,https://www.instagram.com/imaginedragons/,undefined
indica_filmes,Bernardo Lopes | Indica Filmes,undefined,https://www.instagram.com/indica_filmes/,undefined
indicoemfortaleza,Indico em Fortaleza ● Dicas de Fortaleza,undefined,https://www.instagram.com/indicoemfortaleza/,undefined
institutocentec,Instituto Centro de Ensino Tecnológico,undefined,https://www.instagram.com/institutocentec/,undefined
institutodpn,Instituto Defesa da Pop. Negra,undefined,https://www.instagram.com/institutodpn/,undefined
institutodragaodomar,IDM | Instituto Dragão do Mar,undefined,https://www.instagram.com/institutodragaodomar/,undefined
institutomiranteceara,Instituto Mirante,undefined,https://www.instagram.com/institutomiranteceara/,undefined
iraguassufilho,Iraguassú Filho - Vereador de Fortaleza 🌹,undefined,https://www.instagram.com/iraguassufilho/,undefined
irislabgov,Íris | LabGov,undefined,https://www.instagram.com/irislabgov/,undefined
isaacsantosis,Isaac Santos,undefined,https://www.instagram.com/isaacsantosis/,undefined
isuperio,ANTONIO ISUPERIO 🦁✊🏾🏳️‍🌈,undefined,https://www.instagram.com/isuperio/,undefined
italo_personalize,Italo Farias,undefined,https://www.instagram.com/italo_personalize/,undefined
italo.irlan,Italo Irlan,undefined,https://www.instagram.com/italo.irlan/,undefined
italo.irlanf,Italo Irlan,undefined,https://www.instagram.com/italo.irlanf/,undefined
italoalvesce,Italo Ribeiro Alves,undefined,https://www.instagram.com/italoalvesce/,undefined
italofariasdesantiago,Italo Farias,undefined,https://www.instagram.com/italofariasdesantiago/,undefined
itausaholding,Itaúsa,undefined,https://www.instagram.com/itausaholding/,undefined
jaafarjackson,Jaafar Jackson,undefined,https://www.instagram.com/jaafarjackson/,undefined
jackatleta,Jackson  Xavier,undefined,https://www.instagram.com/jackatleta/,undefined
jamrockpraiadeiracema,Jamrock,undefined,https://www.instagram.com/jamrockpraiadeiracema/,undefined
janeladeagni,Janela de Agni,undefined,https://www.instagram.com/janeladeagni/,undefined
jayannebonfim,Jay,undefined,https://www.instagram.com/jayannebonfim/,undefined
jeanemesquitah,Jeane Mesquita,undefined,https://www.instagram.com/jeanemesquitah/,undefined
jilwesley,Jilwesley,undefined,https://www.instagram.com/jilwesley/,undefined
joao_pacifico,João Paulo Pacifico,undefined,https://www.instagram.com/joao_pacifico/,undefined
joaopcabelos,JOÃO PAULO OLIVEIRA I CABELEIREIRO,undefined,https://www.instagram.com/joaopcabelos/,undefined
joaoyjoaaao,João Ribeiro,undefined,https://www.instagram.com/joaoyjoaaao/,undefined
joelmaoliveira11,Joelma Oliveira,undefined,https://www.instagram.com/joelmaoliveira11/,undefined
johnmarneey,𝙹𝚘𝚑𝚗 𝙼𝚊𝚛𝚗𝚎𝚢,undefined,https://www.instagram.com/johnmarneey/,undefined
johntravolta,John Travolta,undefined,https://www.instagram.com/johntravolta/,undefined
jornadadeprogramador,Derci Santos • Jornada de Programador,undefined,https://www.instagram.com/jornadadeprogramador/,undefined
jornalnota,Jornal Nota,undefined,https://www.instagram.com/jornalnota/,undefined
joseeugenes,José Eugênes,undefined,https://www.instagram.com/joseeugenes/,undefined
josimar.feitosa.94,Josimar Feitosa,undefined,https://www.instagram.com/josimar.feitosa.94/,undefined
jovenspelademocracia_,JPD - Jovens pela Democracia,undefined,https://www.instagram.com/jovenspelademocracia_/,undefined
jp.net43,jr,undefined,https://www.instagram.com/jp.net43/,undefined
jpdemocracia,Jovens Pela Democracia,undefined,https://www.instagram.com/jpdemocracia/,undefined
jpe.com.br,João Pedro,undefined,https://www.instagram.com/jpe.com.br/,undefined
juliallabs,Julia Peron Metzger,undefined,https://www.instagram.com/juliallabs/,undefined
juliasduarteh,Júlia,undefined,https://www.instagram.com/juliasduarteh/,undefined
juntoscomelcio,Juntos com Élcio Batista,undefined,https://www.instagram.com/juntoscomelcio/,undefined
kamilacruzgomes,Kamila Gomes,undefined,https://www.instagram.com/kamilacruzgomes/,undefined
karnalcortellafc,Karnal & Cortella FC,undefined,https://www.instagram.com/karnalcortellafc/,undefined
karolinemskeup,,undefined,https://www.instagram.com/karolinemskeup/,undefined
kassiagemeos050701,Cassia Teixeira,undefined,https://www.instagram.com/kassiagemeos050701/,undefined
kiki_ballroom,kiki,undefined,https://www.instagram.com/kiki_ballroom/,undefined
kimdamoda,Enzo Kim,undefined,https://www.instagram.com/kimdamoda/,undefined
kiria.feitosa,Valquíria Kiria Feitosa,undefined,https://www.instagram.com/kiria.feitosa/,undefined
kosmika_club,KOSMIKA CLUB FORTALEZA,undefined,https://www.instagram.com/kosmika_club/,undefined
labcon.lab,LABCON - Laboratório de Estudos Sobre o Contemporâneo.,undefined,https://www.instagram.com/labcon.lab/,undefined
ladygaga,Lady Gaga,undefined,https://www.instagram.com/ladygaga/,undefined
lardopetisco,Lar do Petisco,undefined,https://www.instagram.com/lardopetisco/,undefined
larissagaspar_oficial,Larissa Gaspar,undefined,https://www.instagram.com/larissagaspar_oficial/,undefined
laysoliver_,Lays Oliveira,undefined,https://www.instagram.com/laysoliver_/,undefined
leandrosamps,Leandro Sampaio moto uber,undefined,https://www.instagram.com/leandrosamps/,undefined
leomarcenus,Leandro Lima,undefined,https://www.instagram.com/leomarcenus/,undefined
leonardo_grandini,Leonardo Grandini,undefined,https://www.instagram.com/leonardo_grandini/,undefined
leppufc,LEPP UFC,undefined,https://www.instagram.com/leppufc/,undefined
leticiamarquesreal,Letícia Marques,undefined,https://www.instagram.com/leticiamarquesreal/,undefined
leuot,Leo Telêmaco,undefined,https://www.instagram.com/leuot/,undefined
liderancaverde,Liderança Verde,undefined,https://www.instagram.com/liderancaverde/,undefined
liliane_cecilia_,Liliane Nascimento,undefined,https://www.instagram.com/liliane_cecilia_/,undefined
linux.gnu,Linux para Profissionais de T.I,undefined,https://www.instagram.com/linux.gnu/,undefined
lippegust,- Philippe Augusto (Ph) 🍿,undefined,https://www.instagram.com/lippegust/,undefined
liviiawinchester,Lívia Winchester,undefined,https://www.instagram.com/liviiawinchester/,undefined
luangustavo3017,Luan Gustavo,undefined,https://www.instagram.com/luangustavo3017/,undefined
luca_jean23,Jean Lucas,undefined,https://www.instagram.com/luca_jean23/,undefined
luca.nere.5,Luca Nere,undefined,https://www.instagram.com/luca.nere.5/,undefined
lucasfranca.mkt,LUCAS FRANÇA,undefined,https://www.instagram.com/lucasfranca.mkt/,undefined
lucaskf_,Lucas Kael,undefined,https://www.instagram.com/lucaskf_/,undefined
lucienedesousa22,Luciene de Sousa,undefined,https://www.instagram.com/lucienedesousa22/,undefined
lucilenegomesdas,Lucilene Gomes da silva,undefined,https://www.instagram.com/lucilenegomesdas/,undefined
lucivandrasousadelima,Lucivandra Sousa De Lima Lima,undefined,https://www.instagram.com/lucivandrasousadelima/,undefined
luisacela,Luisa Cela,undefined,https://www.instagram.com/luisacela/,undefined
luiz_gonzagarei,Luiz Gonzaga,undefined,https://www.instagram.com/luiz_gonzagarei/,undefined
luizahelenatrajano,Luiza Helena Trajano,undefined,https://www.instagram.com/luizahelenatrajano/,undefined
luizfelipeadvogado,Luiz Felipe Sena | Advogado,2492,https://www.instagram.com/luizfelipeadvogado/,https://wa.me/message/GGVRCMWFQVDBD1
lulaoficial,Luiz Inácio Lula da Silva,undefined,https://www.instagram.com/lulaoficial/,undefined
luportob3,Lu Porto,undefined,https://www.instagram.com/luportob3/,undefined
lydiiaaquino,Lydiia Aquino,undefined,https://www.instagram.com/lydiiaaquino/,undefined
maiconsantini,Maicon Santini,undefined,https://www.instagram.com/maiconsantini/,undefined
mainacozinha,mainá cozinha,undefined,https://www.instagram.com/mainacozinha/,undefined
malcoffee,MAL Coffee,undefined,https://www.instagram.com/malcoffee/,undefined
malinecosta.adv,𝗔𝗹𝗶𝗻𝗲 𝗖𝗼𝘀𝘁𝗮 | 𝗔𝗱𝘃𝗼𝗴𝗮𝗱𝗮,undefined,https://www.instagram.com/malinecosta.adv/,undefined
manualdomundo,Manual do Mundo,undefined,https://www.instagram.com/manualdomundo/,undefined
mapp_ufc,Mestrado Profissional em Avaliação de Políticas Públicas | UFC,undefined,https://www.instagram.com/mapp_ufc/,undefined
marcellojarbas,Marcello Jarbas,undefined,https://www.instagram.com/marcellojarbas/,undefined
marcelopaz,Marcelo Paz,undefined,https://www.instagram.com/marcelopaz/,undefined
marcozerocafe,Marco Zero - Café,undefined,https://www.instagram.com/marcozerocafe/,undefined
mardonnex,Mardones Marques,undefined,https://www.instagram.com/mardonnex/,undefined
mariabolim,Maria Bolim,undefined,https://www.instagram.com/mariabolim/,undefined
mariebloomfieldmusic,Marie Bloomfield,undefined,https://www.instagram.com/mariebloomfieldmusic/,undefined
marilacerdapt,Mari Lacerda,undefined,https://www.instagram.com/marilacerdapt/,undefined
marinaguaragna,marina guaragna,undefined,https://www.instagram.com/marinaguaragna/,undefined
marquesrafael_defi,Rafael Marques | Dica Crypto,undefined,https://www.instagram.com/marquesrafael_defi/,undefined
marxhigor,Marx Higor,undefined,https://www.instagram.com/marxhigor/,undefined
masmorrathrash,Masmorra,undefined,https://www.instagram.com/masmorrathrash/,undefined
matheusilt,Matheus Ilt,undefined,https://www.instagram.com/matheusilt/,undefined
mathjerke,Matheus Jerke,undefined,https://www.instagram.com/mathjerke/,undefined
matt_xs2,☆ Mateus ☆,undefined,https://www.instagram.com/matt_xs2/,undefined
meijorofficial,M E I J O R,undefined,https://www.instagram.com/meijorofficial/,undefined
melquimaxx,Melquimax vieira,undefined,https://www.instagram.com/melquimaxx/,undefined
mercadodocafe,Mercado do café,undefined,https://www.instagram.com/mercadodocafe/,undefined
mettantenvedettedan,Dan,undefined,https://www.instagram.com/mettantenvedettedan/,undefined
meufornecedorceara,Esta conta está desativada.,undefined,https://www.instagram.com/meufornecedorceara/,undefined
meupaisceara,Meu País Ceará ®,undefined,https://www.instagram.com/meupaisceara/,undefined
micky_markowitz_ofc,Micky Markowitz,undefined,https://www.instagram.com/micky_markowitz_ofc/,undefined
midianinja,Mídia NINJA,undefined,https://www.instagram.com/midianinja/,undefined
mindmaster_agile,MindMaster Treinamentos Ágeis,undefined,https://www.instagram.com/mindmaster_agile/,undefined
miriamleitao7,Miriam Leitao,undefined,https://www.instagram.com/miriamleitao7/,undefined
mirko_antonucci,Mirko Antonucci,undefined,https://www.instagram.com/mirko_antonucci/,undefined
mitchellemeira,Mitchelle Meira,undefined,https://www.instagram.com/mitchellemeira/,undefined
mitjunior,Mitsuo Ishida | Personal Financeiro,undefined,https://www.instagram.com/mitjunior/,undefined
mjrodriguez7,Michaela Jaé,undefined,https://www.instagram.com/mjrodriguez7/,undefined
mlb.ce,MLB Ceará,undefined,https://www.instagram.com/mlb.ce/,undefined
monikyy_silveira,Moniky Duarte,undefined,https://www.instagram.com/monikyy_silveira/,undefined
monteiroderlan,Derlan Monteiro,undefined,https://www.instagram.com/monteiroderlan/,undefined
moovloungeclub,MOOV CLUB - SUA BALADA EM FORTALEZA,undefined,https://www.instagram.com/moovloungeclub/,undefined
morzinhoo,laynna,undefined,https://www.instagram.com/morzinhoo/,undefined
movimentosemterra,MST,undefined,https://www.instagram.com/movimentosemterra/,undefined
mp.marmitaria,MP Marmitaria,undefined,https://www.instagram.com/mp.marmitaria/,undefined
mt.store_10,"✨Esqueça as regras, se você gosta USE✨",undefined,https://www.instagram.com/mt.store_10/,undefined
mtstceara,MTST CEARÁ,undefined,https://www.instagram.com/mtstceara/,undefined
mundomarombad,Mundo Maromba,undefined,https://www.instagram.com/mundomarombad/,undefined
musicas.eternas,Musicas Eternas,undefined,https://www.instagram.com/musicas.eternas/,undefined
mwana_afrika,Mwana Afrika | Sandra Quiala,undefined,https://www.instagram.com/mwana_afrika/,undefined
nagep.ufc,NAGEP - UFC,undefined,https://www.instagram.com/nagep.ufc/,undefined
nane_lifemo,Nane Lima,undefined,https://www.instagram.com/nane_lifemo/,undefined
nanny_silva08,Nanny,undefined,https://www.instagram.com/nanny_silva08/,undefined
nath.marquet,Natália Marquet,undefined,https://www.instagram.com/nath.marquet/,undefined
nathaliaarcuri,Nathalia Arcuri,undefined,https://www.instagram.com/nathaliaarcuri/,undefined
natirutsoficial,Banda Natiruts,undefined,https://www.instagram.com/natirutsoficial/,undefined
naves.silva,Naves Silva,undefined,https://www.instagram.com/naves.silva/,undefined
necysouza,Necy Souza,undefined,https://www.instagram.com/necysouza/,undefined
negif_ufc,NEGIF,undefined,https://www.instagram.com/negif_ufc/,undefined
nestle_br,Nestle Brasil,undefined,https://www.instagram.com/nestle_br/,undefined
netspaces.oficial,netspaces,undefined,https://www.instagram.com/netspaces.oficial/,undefined
nickylorenzdj,Nicky Lorenz Aka Frezalo,undefined,https://www.instagram.com/nickylorenzdj/,undefined
ninna.hub,NINNA Hub,undefined,https://www.instagram.com/ninna.hub/,undefined
nosso.candidato,Nosso Candidato,undefined,https://www.instagram.com/nosso.candidato/,undefined
nossoredentor,Paróquia Cristo Redentor,undefined,https://www.instagram.com/nossoredentor/,undefined
notgivenchy,,undefined,https://www.instagram.com/notgivenchy/,undefined
nutricionista.esportivo,NUTRICIONISTA ESPORTIVO,undefined,https://www.instagram.com/nutricionista.esportivo/,undefined
nutrifitpro,NUTRIFIT PRO,undefined,https://www.instagram.com/nutrifitpro/,undefined
o.pequenoinvestidor,Lucas - O Pequeno Investidor | Investidor em ações,undefined,https://www.instagram.com/o.pequenoinvestidor/,undefined
oelberdomingos,Elber Domingos,undefined,https://www.instagram.com/oelberdomingos/,undefined
oficialcagece,Cagece Oficial,undefined,https://www.instagram.com/oficialcagece/,undefined
opovoonline,O POVO Online,undefined,https://www.instagram.com/opovoonline/,undefined
oprogramador_,${user.name},undefined,https://www.instagram.com/oprogramador_/,undefined
orgulho.afro,Anna Cristina Almeida,undefined,https://www.instagram.com/orgulho.afro/,undefined
oxfambrasil,Oxfam Brasil,undefined,https://www.instagram.com/oxfambrasil/,undefined
ozaias.rodrigues,Ozaias Rodrigues,undefined,https://www.instagram.com/ozaias.rodrigues/,undefined
pablobusatto,Pablo Busatto,undefined,https://www.instagram.com/pablobusatto/,undefined
pablomezak.ads,PabloMezak,undefined,https://www.instagram.com/pablomezak.ads/,undefined
parfaitburguer,parfait Burguer,undefined,https://www.instagram.com/parfaitburguer/,undefined
partiuinvestir3oficial,Partiu Investir | TURMA 3,undefined,https://www.instagram.com/partiuinvestir3oficial/,undefined
pastoranadirvevo,Pastora Nadir Vevo,undefined,https://www.instagram.com/pastoranadirvevo/,undefined
patinsbmfortaleza,Patins BM Fortaleza 🇧🇷,undefined,https://www.instagram.com/patinsbmfortaleza/,undefined
paulo.lira1,Paulo Lira,undefined,https://www.instagram.com/paulo.lira1/,undefined
paulomendesmr,Paulo Mendes,undefined,https://www.instagram.com/paulomendesmr/,undefined
pdtceara,PDT do Ceará,undefined,https://www.instagram.com/pdtceara/,undefined
pdtdiversidadeceara,PDT Diversidade | Ceará 🌹🏳️‍🌈,undefined,https://www.instagram.com/pdtdiversidadeceara/,undefined
pedrocardosoeumesmo,Pedro Cardoso,undefined,https://www.instagram.com/pedrocardosoeumesmo/,undefined
pedrocortella,Pedro Cortella,undefined,https://www.instagram.com/pedrocortella/,undefined
pedrotorrescf,Pedro Torres,undefined,https://www.instagram.com/pedrotorrescf/,undefined
personal_thiagosilva,Thiago Silva | Personal Trainer,undefined,https://www.instagram.com/personal_thiagosilva/,undefined
petersonjvelozo,Peterson Velozo,undefined,https://www.instagram.com/petersonjvelozo/,undefined
phbarrosator,Ph Barros,undefined,https://www.instagram.com/phbarrosator/,undefined
phpcomrapadura,PHP com Rapadura,undefined,https://www.instagram.com/phpcomrapadura/,undefined
pieces.of.the.universe,Samuel Costa,undefined,https://www.instagram.com/pieces.of.the.universe/,undefined
pirambunews,Pirambu News,undefined,https://www.instagram.com/pirambunews/,undefined
pirambupensante,Pirambu Pensante l Valorizando o Bairro Pirambu,undefined,https://www.instagram.com/pirambupensante/,undefined
planetariorubensdeazevedo,Planetário Rubens de Azevedo,undefined,https://www.instagram.com/planetariorubensdeazevedo/,undefined
plimplimprodutos,PRODUTOS DE LIMPEZA MAXIMUM✨,undefined,https://www.instagram.com/plimplimprodutos/,undefined
polen.fiocruz,Pólen - ENSP/FIOCRUZ,undefined,https://www.instagram.com/polen.fiocruz/,undefined
potencializa_math,Potencializa Matemática,undefined,https://www.instagram.com/potencializa_math/,undefined
power.ai,Artificial Intelligence,undefined,https://www.instagram.com/power.ai/,undefined
preditiva.analytics,Escola Preditiva,undefined,https://www.instagram.com/preditiva.analytics/,undefined
premioibest,iBest,undefined,https://www.instagram.com/premioibest/,undefined
presscabr,Pressca,undefined,https://www.instagram.com/presscabr/,undefined
prof.p.a.damasceno,PA Damasceno,undefined,https://www.instagram.com/prof.p.a.damasceno/,undefined
profantoniogeografia,Prof Antônio Ferreira,undefined,https://www.instagram.com/profantoniogeografia/,undefined
professormira,Eduardo Mira,undefined,https://www.instagram.com/professormira/,undefined
profiap_nacional,Profiap Comitê Gestor,undefined,https://www.instagram.com/profiap_nacional/,undefined
propublicabrasil,Pro Pública Brasil,undefined,https://www.instagram.com/propublicabrasil/,undefined
psicometriaonline,Bruno Damásio,undefined,https://www.instagram.com/psicometriaonline/,undefined
purafisica,Professor Rafael Irigoyen,undefined,https://www.instagram.com/purafisica/,undefined
pwcbrasil,PwC Brasil,undefined,https://www.instagram.com/pwcbrasil/,undefined
pynation.dev,Pynation,undefined,https://www.instagram.com/pynation.dev/,undefined
quente_como_0_sol,ᴠɪᴄ ⁺⁸⁵,undefined,https://www.instagram.com/quente_como_0_sol/,undefined
qwerty.treinamentos,Qwerty Treinamentos,undefined,https://www.instagram.com/qwerty.treinamentos/,undefined
r.raviikii,,undefined,https://www.instagram.com/r.raviikii/,undefined
rasgavictor,victor rasga,undefined,https://www.instagram.com/rasgavictor/,undefined
raymarxes,Ray.,undefined,https://www.instagram.com/raymarxes/,undefined
reggaeamenteeogera,É O GERA CASA DE SHOW,undefined,https://www.instagram.com/reggaeamenteeogera/,undefined
reggaevsbabylon,Roots Reggae Records,undefined,https://www.instagram.com/reggaevsbabylon/,undefined
renan_faustino1997hotmailcom,Renan Duarte,undefined,https://www.instagram.com/renan_faustino1997hotmailcom/,undefined
renatasaraiiva,Renata Saraiva | Rolê da Rê,undefined,https://www.instagram.com/renatasaraiiva/,undefined
repaoc,Rep. Ocasio-Cortez,undefined,https://www.instagram.com/repaoc/,undefined
ricallmeida,Ricardo Almeida,undefined,https://www.instagram.com/ricallmeida/,undefined
richarlison,Richarlison,undefined,https://www.instagram.com/richarlison/,undefined
richelyseylon,Seylon Richely,undefined,https://www.instagram.com/richelyseylon/,undefined
ricksonfisio,Rickson | Dicas do Fisio,undefined,https://www.instagram.com/ricksonfisio/,undefined
rihanno.cosplay,💎 Rihanno Moreira 💎,undefined,https://www.instagram.com/rihanno.cosplay/,undefined
rlanealves,Regilane Barbosa,undefined,https://www.instagram.com/rlanealves/,undefined
robertoaquino.2024,Roberto Aquino,undefined,https://www.instagram.com/robertoaquino.2024/,undefined
ronaldo.sousa_,Ronaldo Sousa,undefined,https://www.instagram.com/ronaldo.sousa_/,undefined
rosangela_rigoni,Rosângela Rigoni,undefined,https://www.instagram.com/rosangela_rigoni/,undefined
rossiclea,Rossicléa,undefined,https://www.instagram.com/rossiclea/,undefined
ruanmoreira_p,Ruan Moreira,undefined,https://www.instagram.com/ruanmoreira_p/,undefined
salmitooficial,Salmito Filho,undefined,https://www.instagram.com/salmitooficial/,undefined
samantavalerio,Samanta Valério,undefined,https://www.instagram.com/samantavalerio/,undefined
santos.tatazinha,Tatazinha Santos,undefined,https://www.instagram.com/santos.tatazinha/,undefined
santoseverton_,Everton Santos,undefined,https://www.instagram.com/santoseverton_/,undefined
saobrazbebidas,São Braz Bebidas,undefined,https://www.instagram.com/saobrazbebidas/,undefined
saudeceara,Secretaria da Saúde do Ceará,undefined,https://www.instagram.com/saudeceara/,undefined
schiwayacrilicos,Schiway Acrílicos,undefined,https://www.instagram.com/schiwayacrilicos/,undefined
sebastian.fraczyk,mrpete222,undefined,https://www.instagram.com/sebastian.fraczyk/,undefined
sebos_do_higor,Sebos Do Higor,undefined,https://www.instagram.com/sebos_do_higor/,undefined
secitece,"Secretaria da Ciência, Tecnologia e Educação Superior do Ceará",undefined,https://www.instagram.com/secitece/,undefined
secultceara,Secretaria da Cultura do Ceará,undefined,https://www.instagram.com/secultceara/,undefined
senadorcidgomes,Cid Gomes,undefined,https://www.instagram.com/senadorcidgomes/,undefined
senhoritabira,Bira,undefined,https://www.instagram.com/senhoritabira/,undefined
silveropereira,S I L V E R O  P E R E I R A,undefined,https://www.instagram.com/silveropereira/,undefined
silvestre.david,Silvestre David,undefined,https://www.instagram.com/silvestre.david/,undefined
silviolual,Silvio Almeida,undefined,https://www.instagram.com/silviolual/,undefined
simaovaqueirooficiall,Simão Vaqueiro🤘🏼,undefined,https://www.instagram.com/simaovaqueirooficiall/,undefined
sindsifce,SINDSIFCE - SS - SINASEFE,undefined,https://www.instagram.com/sindsifce/,undefined
sinistrofest,Sinistro Fest,undefined,https://www.instagram.com/sinistrofest/,undefined
smartfit,Smart Fit,undefined,https://www.instagram.com/smartfit/,undefined
sombriks,Leonardo Silveira,undefined,https://www.instagram.com/sombriks/,undefined
sou.janaildosousa,Janaildo Soares Sousa,undefined,https://www.instagram.com/sou.janaildosousa/,undefined
sousaedi,Edilson Filho,undefined,https://www.instagram.com/sousaedi/,undefined
springfield_bar,SPRINGFIELD BAR🍺🍢🌃🍹,undefined,https://www.instagram.com/springfield_bar/,undefined
ss.distribuidoraa,Bomboniere,undefined,https://www.instagram.com/ss.distribuidoraa/,undefined
stepannercessian,Stepan Nercessian,undefined,https://www.instagram.com/stepannercessian/,undefined
storytelling_de_sucesso,Storytelling de Sucesso | Débora Garcia,undefined,https://www.instagram.com/storytelling_de_sucesso/,undefined
stringusername,String UserName,undefined,https://www.instagram.com/stringusername/,undefined
studioindancehiphop,Studio In Dance Hip Hop,undefined,https://www.instagram.com/studioindancehiphop/,undefined
studiomelqui,Melquimax Vieira,undefined,https://www.instagram.com/studiomelqui/,undefined
suamusica,Sua Música | Baixe o App Grátis,undefined,https://www.instagram.com/suamusica/,undefined
tabataamaralsp,Tabata Amaral,undefined,https://www.instagram.com/tabataamaralsp/,undefined
tagonunes,Tiago Nunes ⚡,undefined,https://www.instagram.com/tagonunes/,undefined
tatifissore,Tati Fissore | Umbanda,undefined,https://www.instagram.com/tatifissore/,undefined
technogym,,undefined,https://www.instagram.com/technogym/,undefined
temgentecomfomeoficial,Tem gente com fome!,undefined,https://www.instagram.com/temgentecomfomeoficial/,undefined
temperodomangue,"Tempero do Mangue | Restaurante, Bar e Eventos",undefined,https://www.instagram.com/temperodomangue/,undefined
thiagolima.tech,Thiago Lima | Tecnologia | Inovação | Liderança,undefined,https://www.instagram.com/thiagolima.tech/,undefined
thyna_naills,Thyna Naills,undefined,https://www.instagram.com/thyna_naills/,undefined
thyna_revendedora_,"revendedora, boticário, Eudora, natura, avon",undefined,https://www.instagram.com/thyna_revendedora_/,undefined
tiofiis,Mateus Lima | Fundos Imobiliários,undefined,https://www.instagram.com/tiofiis/,undefined
topgay_ceara,TOP GAY CEARÁ,undefined,https://www.instagram.com/topgay_ceara/,undefined
topspeedlava,Top speed higienizações,undefined,https://www.instagram.com/topspeedlava/,undefined
tothemoondg,TO THE MOON ✦ A11 ✦ ARTEMIS,undefined,https://www.instagram.com/tothemoondg/,undefined
totvs,TOTVS,undefined,https://www.instagram.com/totvs/,undefined
tradingcomdados,Trading com Dados | PROGRAMAÇÃO E FINANÇAS,undefined,https://www.instagram.com/tradingcomdados/,undefined
travelbloggersfangirl5874,Travel ✈️ Bloggers Fangirl,undefined,https://www.instagram.com/travelbloggersfangirl5874/,undefined
travessia_coletiva,Grupo Travessia Coletiva,undefined,https://www.instagram.com/travessia_coletiva/,undefined
tudodedois_,Tudo de Dois,undefined,https://www.instagram.com/tudodedois_/,undefined
tudoorna,Tudo Orna,undefined,https://www.instagram.com/tudoorna/,undefined
tupinizando,tupinizando,undefined,https://www.instagram.com/tupinizando/,undefined
tvbrasil,TV Brasil,undefined,https://www.instagram.com/tvbrasil/,undefined
uaiamaro,AMARO,undefined,https://www.instagram.com/uaiamaro/,undefined
ubuntu.ce,Ubuntu,undefined,https://www.instagram.com/ubuntu.ce/,undefined
universereels,The Universe on Reels,undefined,https://www.instagram.com/universereels/,undefined
valdemir.freitas.904,Valdemir Freitas,undefined,https://www.instagram.com/valdemir.freitas.904/,undefined
valdemirfreitas98,valdemir freitas,undefined,https://www.instagram.com/valdemirfreitas98/,undefined
valentinaclub_,Valentina Club,undefined,https://www.instagram.com/valentinaclub_/,undefined
valkiriafeitosaoficial,Valquíria Kyria Feitosa Feitosa,undefined,https://www.instagram.com/valkiriafeitosaoficial/,undefined
varejaodosplasticos,Varejão dos Plásticos,undefined,https://www.instagram.com/varejaodosplasticos/,undefined
vaticannewspt,Vatican News em português,undefined,https://www.instagram.com/vaticannewspt/,undefined
veronicaqueirozqz,Veronica Carneiro,undefined,https://www.instagram.com/veronicaqueirozqz/,undefined
victorcena_,Victor Cena,undefined,https://www.instagram.com/victorcena_/,undefined
victorrasga,Victor Rasga,undefined,https://www.instagram.com/victorrasga/,undefined
vinscheffer,Vinícius Scheffer,undefined,https://www.instagram.com/vinscheffer/,undefined
vivendo_reggaeoficial,Vivendo o Reggae,undefined,https://www.instagram.com/vivendo_reggaeoficial/,undefined
vivtorb,Victor Bezerra,undefined,https://www.instagram.com/vivtorb/,undefined
vn__02_,viinicius,undefined,https://www.instagram.com/vn__02_/,undefined
vozesdeangola,Vozes de Angola,undefined,https://www.instagram.com/vozesdeangola/,undefined
wagnerrambo,Wagner Rambo,undefined,https://www.instagram.com/wagnerrambo/,undefined
werisonxd,Werison Ramon,undefined,https://www.instagram.com/werisonxd/,undefined
wescley.sebert,Wescley Oliveira,undefined,https://www.instagram.com/wescley.sebert/,undefined
willytowilly,WILLY²,undefined,https://www.instagram.com/willytowilly/,undefined
wladimiirsantos,wladimir santos,undefined,https://www.instagram.com/wladimiirsantos/,undefined
world.wideee,Samantha💦❤️,undefined,https://www.instagram.com/world.wideee/,undefined
wseub,,undefined,https://www.instagram.com/wseub/,undefined
xclubfortaleza,X Club | Boate Bar & Cruising,undefined,https://www.instagram.com/xclubfortaleza/,undefined
xibata16cm,Xibata16,undefined,https://www.instagram.com/xibata16cm/,undefined
yargo.nigeria,Yargo Sousa Gurjão,undefined,https://www.instagram.com/yargo.nigeria/,undefined
yggor_mota,Igor Mota,undefined,https://www.instagram.com/yggor_mota/,undefined
ze.pretim,ze pretim,undefined,https://www.instagram.com/ze.pretim/,undefined
zezinhoalbuquerque,Zezinho Albuquerque,undefined,https://www.instagram.com/zezinhoalbuquerque/,undefined
zidomarsantos,Zidomar Santos,undefined,https://www.instagram.com/zidomarsantos/,undefined